RMSE,MAE,MAPE,sMAPE,MASE,Model
4379.11556750999,3766.3308505474192,6.928722209474268,6.830483784047475,1.4688131610565396,Historical Mean
4456.171295526297,3833.653779289492,7.10759032562102,6.950399506914789,1.495068104581444,Naive
2997.625257603578,2303.3616024187454,4.3785106722772005,4.2327118039225,0.8982768563237613,Seasonal Naive
6194.979176959448,5050.352395851496,9.613197005068495,9.032317798384296,1.9695625162409531,Drift
