model,rmse,mae
Gradient Boosting,2278.3255426903033,1846.1527175068356
Random Forest,2266.800701911803,1770.2326499829308
