RMSE,MAE,MAPE,sMAPE,MASE,Model
1086.449676715293,816.9043245262862,1.5084853170816355,1.5072844718267149,0.3283841244777565,LSTM
