name,value
temperature_2m_mean,-684.6344099799095
holiday_count,176.0486071294395
ar.L1,-0.20230641307520686
ma.L1,-0.46010160581268045
sigma2,2832684.8856877056
