RMSE,MAE,MAPE,sMAPE,MASE,Model
5130.490603108344,4258.421099976521,8.055585826341941,7.593018477645326,1.6607210585488712,SARIMAX
