RMSE,MAE,MAPE,sMAPE,MASE,Model
4902.544135257014,4069.5051119082214,7.681367219581974,7.2618967530085845,1.5870466256274012,SARIMA
