series,ADF statistic,p-value,lags used,number of observations,1% critical value,5% critical value,10% critical value,stationary at 5%
weekly,-4.047471855678481,0.0011813497340154584,8,292,-3.4529449243622383,-2.871489553425686,-2.572071437887033,True
weekly_diff1,-7.069318170017993,4.98473727964908e-10,7,292,-3.4529449243622383,-2.871489553425686,-2.572071437887033,True
weekly_diff52,-4.295072288761103,0.00045302191052539235,2,246,-3.457215237265747,-2.873361841566324,-2.5730700760129555,True
weekly_diff1_52,-7.277550672671212,1.5303273043876715e-10,10,237,-3.4582467982399105,-2.8738137461081323,-2.5733111490323846,True
